image_id,image_path,produce_type,grade,expert_score,colour_score,damage_score,shape_score,size_score,surface_defect_score,lighting_condition,background_condition,split
TOM_A_001,images/train/TOM_A_001.jpg,Tomato,A,89.9,87.2,90.6,86.3,92.4,94.0,diffuse_daylight,neutral_gray_tray,train
TOM_A_002,images/train/TOM_A_002.jpg,Tomato,A,91.1,98.0,88.9,89.5,85.7,90.9,greenhouse_filtered,wooden_grading_bench,train
TOM_A_003,images/train/TOM_A_003.jpg,Tomato,A,92.6,88.1,92.2,97.2,91.1,97.9,direct_sunlight,white_inspection_mat,train
TOM_A_004,images/train/TOM_A_004.jpg,Tomato,A,93.4,90.7,99.0,94.7,89.5,89.4,shade_overcast,burlap_fabric,train
TOM_A_005,images/train/TOM_A_005.jpg,Tomato,A,94.1,95.4,98.7,89.4,86.1,95.6,diffuse_daylight,neutral_gray_tray,train
TOM_A_006,images/train/TOM_A_006.jpg,Tomato,A,90.4,87.1,93.3,95.8,86.3,88.7,shade_overcast,white_inspection_mat,train
TOM_A_007,images/train/TOM_A_007.jpg,Tomato,A,92.2,94.2,90.5,89.4,90.2,97.1,shade_overcast,white_inspection_mat,train
TOM_A_008,images/train/TOM_A_008.jpg,Tomato,A,92.3,91.2,91.7,91.1,92.2,96.6,diffuse_daylight,wooden_grading_bench,train
TOM_A_009,images/train/TOM_A_009.jpg,Tomato,A,91.5,89.4,96.6,87.8,87.6,92.6,diffuse_daylight,neutral_gray_tray,train
TOM_A_010,images/train/TOM_A_010.jpg,Tomato,A,93.8,98.2,94.3,96.1,83.0,93.8,indoor_fluorescent,burlap_fabric,train
TOM_A_011,images/train/TOM_A_011.jpg,Tomato,A,90.2,87.7,91.8,93.1,89.9,88.7,shade_overcast,white_inspection_mat,train
TOM_A_012,images/train/TOM_A_012.jpg,Tomato,A,91.0,92.6,90.8,88.7,84.9,97.1,greenhouse_filtered,wooden_grading_bench,train
TOM_A_013,images/train/TOM_A_013.jpg,Tomato,A,91.9,87.7,91.4,96.8,89.6,97.0,indoor_fluorescent,burlap_fabric,train
TOM_A_014,images/train/TOM_A_014.jpg,Tomato,A,93.9,96.2,89.2,97.1,93.2,96.7,shade_overcast,wooden_grading_bench,train
TOM_A_015,images/train/TOM_A_015.jpg,Tomato,A,92.9,95.5,91.5,87.3,95.5,94.1,indoor_fluorescent,burlap_fabric,train
TOM_A_016,images/train/TOM_A_016.jpg,Tomato,A,92.5,95.7,89.9,94.1,89.8,93.7,greenhouse_filtered,neutral_gray_tray,train
TOM_A_017,images/train/TOM_A_017.jpg,Tomato,A,90.4,87.9,88.5,86.2,95.3,97.8,diffuse_daylight,wooden_grading_bench,train
TOM_A_018,images/train/TOM_A_018.jpg,Tomato,A,92.2,93.3,91.5,96.9,83.7,95.6,direct_sunlight,wooden_grading_bench,train
TOM_A_019,images/train/TOM_A_019.jpg,Tomato,A,92.0,95.0,95.8,88.5,86.5,88.6,direct_sunlight,burlap_fabric,train
TOM_A_020,images/train/TOM_A_020.jpg,Tomato,A,90.7,88.9,92.8,90.4,92.5,88.3,greenhouse_filtered,white_inspection_mat,train
TOM_A_021,images/train/TOM_A_021.jpg,Tomato,A,89.5,89.3,88.9,89.2,92.7,88.2,direct_sunlight,burlap_fabric,train
TOM_A_022,images/train/TOM_A_022.jpg,Tomato,A,92.7,95.3,96.6,91.0,85.6,89.6,direct_sunlight,wooden_grading_bench,train
TOM_A_023,images/train/TOM_A_023.jpg,Tomato,A,92.4,87.4,98.6,89.8,89.1,94.4,indoor_fluorescent,neutral_gray_tray,train
TOM_A_024,images/train/TOM_A_024.jpg,Tomato,A,92.0,88.8,96.8,92.9,87.3,91.4,diffuse_daylight,wooden_grading_bench,train
TOM_A_025,images/train/TOM_A_025.jpg,Tomato,A,91.9,93.2,91.9,93.6,87.2,92.5,diffuse_daylight,neutral_gray_tray,train
TOM_A_026,images/train/TOM_A_026.jpg,Tomato,A,94.1,98.3,95.0,94.2,83.8,95.5,direct_sunlight,neutral_gray_tray,train
TOM_A_027,images/train/TOM_A_027.jpg,Tomato,A,92.8,93.9,96.7,92.3,86.3,90.3,indoor_fluorescent,neutral_gray_tray,train
TOM_A_028,images/train/TOM_A_028.jpg,Tomato,A,92.4,95.2,95.7,85.0,88.3,92.5,diffuse_daylight,white_inspection_mat,train
TOM_A_029,images/train/TOM_A_029.jpg,Tomato,A,91.9,91.6,91.5,97.3,89.0,90.5,shade_overcast,white_inspection_mat,train
TOM_A_030,images/train/TOM_A_030.jpg,Tomato,A,95.8,98.3,96.9,93.7,94.0,93.5,shade_overcast,burlap_fabric,train
TOM_A_031,images/train/TOM_A_031.jpg,Tomato,A,91.9,93.9,90.6,97.1,88.1,89.6,shade_overcast,burlap_fabric,train
TOM_A_032,images/train/TOM_A_032.jpg,Tomato,A,93.0,89.6,96.7,90.0,94.9,92.1,shade_overcast,white_inspection_mat,train
TOM_A_033,images/train/TOM_A_033.jpg,Tomato,A,94.4,97.9,92.2,90.0,94.0,97.9,shade_overcast,burlap_fabric,train
TOM_A_034,images/train/TOM_A_034.jpg,Tomato,A,92.2,90.9,91.5,94.0,91.1,95.2,diffuse_daylight,wooden_grading_bench,train
TOM_A_035,images/train/TOM_A_035.jpg,Tomato,A,90.8,91.4,95.5,89.2,82.8,89.8,shade_overcast,neutral_gray_tray,train
TOM_A_036,images/train/TOM_A_036.jpg,Tomato,A,92.0,97.0,90.2,89.5,90.2,91.8,greenhouse_filtered,burlap_fabric,train
TOM_A_037,images/train/TOM_A_037.jpg,Tomato,A,94.8,96.9,94.9,93.3,90.7,97.0,greenhouse_filtered,burlap_fabric,train
TOM_A_038,images/train/TOM_A_038.jpg,Tomato,A,92.5,87.5,98.6,95.7,88.7,89.4,indoor_fluorescent,white_inspection_mat,train
TOM_A_039,images/train/TOM_A_039.jpg,Tomato,A,93.5,92.0,95.7,97.3,86.6,94.5,diffuse_daylight,white_inspection_mat,train
TOM_A_040,images/train/TOM_A_040.jpg,Tomato,A,91.5,90.8,92.9,86.3,88.9,97.5,indoor_fluorescent,burlap_fabric,train
TOM_A_041,images/train/TOM_A_041.jpg,Tomato,A,91.6,88.8,97.6,86.6,89.9,91.3,indoor_fluorescent,wooden_grading_bench,train
TOM_A_042,images/train/TOM_A_042.jpg,Tomato,A,91.1,90.7,94.5,86.6,87.9,92.5,direct_sunlight,white_inspection_mat,train
TOM_A_043,images/train/TOM_A_043.jpg,Tomato,A,91.4,93.8,91.2,86.6,90.7,93.1,shade_overcast,burlap_fabric,train
TOM_A_044,images/train/TOM_A_044.jpg,Tomato,A,88.6,87.7,88.7,86.2,83.2,97.6,greenhouse_filtered,white_inspection_mat,train
TOM_A_045,images/train/TOM_A_045.jpg,Tomato,A,94.5,96.6,94.7,94.9,90.0,94.4,direct_sunlight,burlap_fabric,train
TOM_A_046,images/train/TOM_A_046.jpg,Tomato,A,93.8,95.4,96.5,94.7,85.0,93.7,diffuse_daylight,burlap_fabric,train
TOM_A_047,images/train/TOM_A_047.jpg,Tomato,A,90.9,93.8,88.1,93.8,88.8,91.0,indoor_fluorescent,wooden_grading_bench,train
TOM_A_048,images/train/TOM_A_048.jpg,Tomato,A,91.5,91.4,89.3,97.0,94.1,88.2,diffuse_daylight,white_inspection_mat,train
TOM_A_049,images/train/TOM_A_049.jpg,Tomato,A,93.1,96.6,97.0,86.5,89.1,90.4,direct_sunlight,white_inspection_mat,train
TOM_A_050,images/train/TOM_A_050.jpg,Tomato,A,90.7,86.5,92.1,95.4,90.3,90.9,direct_sunlight,white_inspection_mat,train
TOM_A_051,images/train/TOM_A_051.jpg,Tomato,A,90.7,89.7,92.5,90.7,88.2,91.4,diffuse_daylight,white_inspection_mat,train
TOM_A_052,images/train/TOM_A_052.jpg,Tomato,A,96.3,98.3,99.0,92.3,91.0,97.1,shade_overcast,white_inspection_mat,train
TOM_A_053,images/train/TOM_A_053.jpg,Tomato,A,92.9,96.0,89.4,95.0,93.7,91.8,direct_sunlight,wooden_grading_bench,train
TOM_A_054,images/train/TOM_A_054.jpg,Tomato,A,91.9,92.5,92.6,93.8,90.0,89.6,greenhouse_filtered,wooden_grading_bench,train
TOM_A_055,images/train/TOM_A_055.jpg,Tomato,A,88.6,90.5,88.3,86.9,88.1,88.5,diffuse_daylight,white_inspection_mat,train
TOM_A_056,images/train/TOM_A_056.jpg,Tomato,A,92.5,93.9,92.7,96.8,82.3,95.8,direct_sunlight,burlap_fabric,train
TOM_A_057,images/train/TOM_A_057.jpg,Tomato,A,93.1,93.1,96.7,87.4,91.4,93.1,shade_overcast,white_inspection_mat,train
TOM_A_058,images/train/TOM_A_058.jpg,Tomato,A,94.5,95.0,94.9,92.1,93.4,96.1,indoor_fluorescent,neutral_gray_tray,train
TOM_A_059,images/train/TOM_A_059.jpg,Tomato,A,91.3,91.7,92.4,96.2,82.7,92.4,greenhouse_filtered,burlap_fabric,train
TOM_A_060,images/train/TOM_A_060.jpg,Tomato,A,92.9,91.8,96.0,88.8,88.2,97.1,indoor_fluorescent,wooden_grading_bench,train
TOM_A_061,images/train/TOM_A_061.jpg,Tomato,A,93.7,95.9,94.3,92.4,90.5,93.3,direct_sunlight,neutral_gray_tray,train
TOM_A_062,images/train/TOM_A_062.jpg,Tomato,A,90.1,91.8,89.0,91.4,83.7,94.8,shade_overcast,white_inspection_mat,train
TOM_A_063,images/train/TOM_A_063.jpg,Tomato,A,90.9,86.9,92.4,92.4,88.5,95.2,direct_sunlight,wooden_grading_bench,train
TOM_A_064,images/train/TOM_A_064.jpg,Tomato,A,92.3,90.5,98.3,86.6,84.1,96.9,direct_sunlight,wooden_grading_bench,train
TOM_A_065,images/train/TOM_A_065.jpg,Tomato,A,92.1,86.4,97.8,95.0,85.7,93.5,indoor_fluorescent,white_inspection_mat,train
TOM_A_066,images/train/TOM_A_066.jpg,Tomato,A,89.6,89.2,89.1,89.8,89.9,90.9,greenhouse_filtered,white_inspection_mat,train
TOM_A_067,images/train/TOM_A_067.jpg,Tomato,A,94.2,97.5,95.2,97.6,85.0,92.7,shade_overcast,white_inspection_mat,train
TOM_A_068,images/train/TOM_A_068.jpg,Tomato,A,94.4,90.9,98.9,95.7,90.7,93.6,diffuse_daylight,white_inspection_mat,train
TOM_A_069,images/train/TOM_A_069.jpg,Tomato,A,92.7,95.2,91.3,94.6,86.2,96.2,greenhouse_filtered,wooden_grading_bench,train
TOM_A_070,images/train/TOM_A_070.jpg,Tomato,A,91.3,88.5,92.9,89.9,93.5,92.2,direct_sunlight,burlap_fabric,train
TOM_A_071,images/train/TOM_A_071.jpg,Tomato,A,92.5,96.4,90.9,91.9,89.6,92.8,indoor_fluorescent,burlap_fabric,train
TOM_A_072,images/train/TOM_A_072.jpg,Tomato,A,93.6,89.7,95.9,97.7,93.5,91.5,greenhouse_filtered,white_inspection_mat,train
TOM_A_073,images/train/TOM_A_073.jpg,Tomato,A,93.5,94.5,97.7,93.9,83.9,92.8,diffuse_daylight,wooden_grading_bench,train
TOM_A_074,images/train/TOM_A_074.jpg,Tomato,A,91.1,86.1,94.2,91.4,95.1,89.1,shade_overcast,wooden_grading_bench,train
TOM_A_075,images/train/TOM_A_075.jpg,Tomato,A,91.0,92.7,89.0,94.8,84.5,94.7,diffuse_daylight,wooden_grading_bench,train
TOM_A_076,images/train/TOM_A_076.jpg,Tomato,A,90.5,95.1,91.4,86.5,86.3,89.2,greenhouse_filtered,neutral_gray_tray,train
TOM_A_077,images/train/TOM_A_077.jpg,Tomato,A,94.2,96.8,97.9,91.8,89.4,90.0,direct_sunlight,wooden_grading_bench,train
TOM_A_078,images/train/TOM_A_078.jpg,Tomato,A,89.5,86.9,92.7,89.0,82.3,95.0,shade_overcast,burlap_fabric,train
TOM_A_079,images/train/TOM_A_079.jpg,Tomato,A,91.3,91.1,89.4,96.4,83.9,97.8,shade_overcast,burlap_fabric,train
TOM_A_080,images/train/TOM_A_080.jpg,Tomato,A,93.8,94.7,97.6,96.6,85.4,90.4,diffuse_daylight,neutral_gray_tray,train
TOM_A_081,images/train/TOM_A_081.jpg,Tomato,A,96.1,92.4,98.7,97.3,94.3,97.4,indoor_fluorescent,wooden_grading_bench,train
TOM_A_082,images/train/TOM_A_082.jpg,Tomato,A,91.5,91.8,92.1,91.9,87.4,93.4,shade_overcast,wooden_grading_bench,train
TOM_A_083,images/train/TOM_A_083.jpg,Tomato,A,92.5,93.2,96.5,91.2,85.4,91.8,direct_sunlight,neutral_gray_tray,train
TOM_A_084,images/train/TOM_A_084.jpg,Tomato,A,93.9,90.9,97.2,97.2,90.1,93.0,indoor_fluorescent,neutral_gray_tray,train
TOM_A_085,images/val/TOM_A_085.jpg,Tomato,A,93.2,94.0,95.3,88.0,91.9,94.2,diffuse_daylight,neutral_gray_tray,val
TOM_A_086,images/val/TOM_A_086.jpg,Tomato,A,93.6,91.3,94.2,91.8,93.4,97.9,diffuse_daylight,wooden_grading_bench,val
TOM_A_087,images/val/TOM_A_087.jpg,Tomato,A,94.5,97.3,97.8,96.2,83.3,92.8,shade_overcast,neutral_gray_tray,val
TOM_A_088,images/val/TOM_A_088.jpg,Tomato,A,92.3,95.0,88.9,93.8,89.6,95.5,direct_sunlight,white_inspection_mat,val
TOM_A_089,images/val/TOM_A_089.jpg,Tomato,A,89.2,89.2,88.8,87.4,90.2,90.7,shade_overcast,burlap_fabric,val
TOM_A_090,images/val/TOM_A_090.jpg,Tomato,A,90.0,97.2,88.1,86.3,83.3,92.1,direct_sunlight,neutral_gray_tray,val
TOM_A_091,images/val/TOM_A_091.jpg,Tomato,A,90.0,87.4,91.4,88.3,85.5,97.5,greenhouse_filtered,burlap_fabric,val
TOM_A_092,images/val/TOM_A_092.jpg,Tomato,A,94.2,90.7,98.3,97.6,92.9,90.0,shade_overcast,wooden_grading_bench,val
TOM_A_093,images/val/TOM_A_093.jpg,Tomato,A,92.4,93.6,93.9,87.0,87.9,97.2,shade_overcast,burlap_fabric,val
TOM_A_094,images/val/TOM_A_094.jpg,Tomato,A,91.9,90.9,93.1,87.9,92.5,94.8,greenhouse_filtered,burlap_fabric,val
TOM_A_095,images/val/TOM_A_095.jpg,Tomato,A,94.1,97.0,95.1,94.1,86.5,94.8,indoor_fluorescent,wooden_grading_bench,val
TOM_A_096,images/val/TOM_A_096.jpg,Tomato,A,91.1,96.5,88.7,92.7,87.4,89.0,shade_overcast,burlap_fabric,val
TOM_A_097,images/val/TOM_A_097.jpg,Tomato,A,91.4,89.1,89.3,95.4,94.9,91.7,greenhouse_filtered,white_inspection_mat,val
TOM_A_098,images/val/TOM_A_098.jpg,Tomato,A,90.9,92.4,95.5,85.1,83.9,92.2,greenhouse_filtered,wooden_grading_bench,val
TOM_A_099,images/val/TOM_A_099.jpg,Tomato,A,92.1,91.7,90.4,92.1,95.9,92.3,indoor_fluorescent,burlap_fabric,val
TOM_A_100,images/val/TOM_A_100.jpg,Tomato,A,90.9,93.0,91.6,87.7,84.9,95.0,indoor_fluorescent,white_inspection_mat,val
TOM_A_101,images/val/TOM_A_101.jpg,Tomato,A,91.3,90.9,88.8,96.0,87.5,95.9,direct_sunlight,wooden_grading_bench,val
TOM_A_102,images/val/TOM_A_102.jpg,Tomato,A,91.9,93.5,94.2,90.6,85.0,92.9,greenhouse_filtered,burlap_fabric,val
TOM_A_103,images/test/TOM_A_103.jpg,Tomato,A,93.2,95.4,96.3,86.1,91.3,92.3,greenhouse_filtered,wooden_grading_bench,test
TOM_A_104,images/test/TOM_A_104.jpg,Tomato,A,94.4,96.6,97.6,95.5,83.4,94.4,direct_sunlight,burlap_fabric,test
TOM_A_105,images/test/TOM_A_105.jpg,Tomato,A,91.6,89.2,94.6,89.6,88.0,95.2,diffuse_daylight,neutral_gray_tray,test
TOM_A_106,images/test/TOM_A_106.jpg,Tomato,A,92.8,91.0,97.2,85.9,94.4,92.2,shade_overcast,wooden_grading_bench,test
TOM_A_107,images/test/TOM_A_107.jpg,Tomato,A,92.9,96.5,93.9,93.0,85.9,91.9,shade_overcast,burlap_fabric,test
TOM_A_108,images/test/TOM_A_108.jpg,Tomato,A,92.8,90.8,96.2,91.5,86.9,96.7,diffuse_daylight,wooden_grading_bench,test
TOM_A_109,images/test/TOM_A_109.jpg,Tomato,A,92.2,97.2,88.1,96.6,91.4,88.5,indoor_fluorescent,burlap_fabric,test
TOM_A_110,images/test/TOM_A_110.jpg,Tomato,A,91.9,92.0,91.1,87.3,93.3,96.4,indoor_fluorescent,neutral_gray_tray,test
TOM_A_111,images/test/TOM_A_111.jpg,Tomato,A,91.5,98.4,88.0,90.3,85.3,94.6,indoor_fluorescent,wooden_grading_bench,test
TOM_A_112,images/test/TOM_A_112.jpg,Tomato,A,91.9,93.7,88.7,94.7,90.1,94.6,indoor_fluorescent,wooden_grading_bench,test
TOM_A_113,images/test/TOM_A_113.jpg,Tomato,A,91.4,97.1,89.0,86.6,87.0,96.1,direct_sunlight,neutral_gray_tray,test
TOM_A_114,images/test/TOM_A_114.jpg,Tomato,A,90.1,96.2,90.4,86.2,83.4,90.0,diffuse_daylight,wooden_grading_bench,test
TOM_A_115,images/test/TOM_A_115.jpg,Tomato,A,92.8,91.5,91.9,97.0,88.1,97.1,greenhouse_filtered,neutral_gray_tray,test
TOM_A_116,images/test/TOM_A_116.jpg,Tomato,A,91.8,96.2,91.8,92.1,82.3,93.7,direct_sunlight,burlap_fabric,test
TOM_A_117,images/test/TOM_A_117.jpg,Tomato,A,93.1,96.4,91.9,96.9,82.8,96.4,direct_sunlight,neutral_gray_tray,test
TOM_A_118,images/test/TOM_A_118.jpg,Tomato,A,92.7,94.0,96.9,85.7,90.4,91.4,shade_overcast,wooden_grading_bench,test
TOM_A_119,images/test/TOM_A_119.jpg,Tomato,A,93.3,88.3,98.7,87.0,95.3,94.9,indoor_fluorescent,burlap_fabric,test
TOM_A_120,images/test/TOM_A_120.jpg,Tomato,A,92.2,97.5,89.0,86.8,92.4,95.1,indoor_fluorescent,white_inspection_mat,test
TOM_B_001,images/train/TOM_B_001.jpg,Tomato,B,67.5,78.2,63.3,66.4,63.7,63.1,shade_overcast,burlap_fabric,train
TOM_B_002,images/train/TOM_B_002.jpg,Tomato,B,65.7,65.4,62.4,69.4,71.8,63.1,direct_sunlight,white_inspection_mat,train
TOM_B_003,images/train/TOM_B_003.jpg,Tomato,B,73.1,69.1,71.1,78.6,75.6,75.6,direct_sunlight,neutral_gray_tray,train
TOM_B_004,images/train/TOM_B_004.jpg,Tomato,B,73.4,71.4,76.6,68.8,78.7,69.4,diffuse_daylight,burlap_fabric,train
TOM_B_005,images/train/TOM_B_005.jpg,Tomato,B,73.7,77.7,77.2,64.6,82.5,60.4,indoor_fluorescent,burlap_fabric,train
TOM_B_006,images/train/TOM_B_006.jpg,Tomato,B,66.8,65.4,63.0,75.7,74.1,60.6,diffuse_daylight,white_inspection_mat,train
TOM_B_007,images/train/TOM_B_007.jpg,Tomato,B,68.8,65.8,65.5,64.7,81.6,71.7,greenhouse_filtered,white_inspection_mat,train
TOM_B_008,images/train/TOM_B_008.jpg,Tomato,B,69.0,67.7,66.7,72.4,75.7,65.9,indoor_fluorescent,burlap_fabric,train
TOM_B_009,images/train/TOM_B_009.jpg,Tomato,B,71.3,76.9,65.1,77.6,77.5,61.8,indoor_fluorescent,neutral_gray_tray,train
TOM_B_010,images/train/TOM_B_010.jpg,Tomato,B,71.0,76.5,64.3,71.5,82.0,63.6,shade_overcast,neutral_gray_tray,train
TOM_B_011,images/train/TOM_B_011.jpg,Tomato,B,69.8,74.9,71.0,64.1,74.3,60.3,direct_sunlight,neutral_gray_tray,train
TOM_B_012,images/train/TOM_B_012.jpg,Tomato,B,70.8,78.7,65.6,66.5,82.9,60.4,shade_overcast,white_inspection_mat,train
TOM_B_013,images/train/TOM_B_013.jpg,Tomato,B,73.6,75.3,70.5,70.3,82.7,71.0,greenhouse_filtered,neutral_gray_tray,train
TOM_B_014,images/train/TOM_B_014.jpg,Tomato,B,70.3,73.5,69.2,64.8,80.7,62.1,diffuse_daylight,neutral_gray_tray,train
TOM_B_015,images/train/TOM_B_015.jpg,Tomato,B,71.6,69.1,72.0,65.7,78.0,74.4,greenhouse_filtered,burlap_fabric,train
TOM_B_016,images/train/TOM_B_016.jpg,Tomato,B,73.0,77.9,70.6,66.2,81.0,68.4,shade_overcast,neutral_gray_tray,train
TOM_B_017,images/train/TOM_B_017.jpg,Tomato,B,73.5,71.6,73.1,76.4,80.2,68.2,shade_overcast,neutral_gray_tray,train
TOM_B_018,images/train/TOM_B_018.jpg,Tomato,B,72.2,69.8,75.3,65.6,76.0,72.9,diffuse_daylight,white_inspection_mat,train
TOM_B_019,images/train/TOM_B_019.jpg,Tomato,B,75.8,78.7,77.6,69.8,75.8,73.7,indoor_fluorescent,burlap_fabric,train
TOM_B_020,images/train/TOM_B_020.jpg,Tomato,B,68.2,62.2,63.8,74.1,82.6,66.9,diffuse_daylight,white_inspection_mat,train
TOM_B_021,images/train/TOM_B_021.jpg,Tomato,B,68.5,71.4,62.2,77.9,70.9,64.5,direct_sunlight,burlap_fabric,train
TOM_B_022,images/train/TOM_B_022.jpg,Tomato,B,75.0,75.2,72.6,71.0,83.6,75.2,greenhouse_filtered,burlap_fabric,train
TOM_B_023,images/train/TOM_B_023.jpg,Tomato,B,67.1,66.1,62.7,65.7,70.0,75.9,direct_sunlight,white_inspection_mat,train
TOM_B_024,images/train/TOM_B_024.jpg,Tomato,B,75.3,78.6,75.2,77.0,71.8,71.6,indoor_fluorescent,wooden_grading_bench,train
TOM_B_025,images/train/TOM_B_025.jpg,Tomato,B,67.6,67.1,63.5,74.5,63.7,73.8,shade_overcast,neutral_gray_tray,train
TOM_B_026,images/train/TOM_B_026.jpg,Tomato,B,69.8,72.5,66.3,67.2,82.8,62.1,indoor_fluorescent,neutral_gray_tray,train
TOM_B_027,images/train/TOM_B_027.jpg,Tomato,B,69.1,76.3,64.3,64.1,67.7,73.2,indoor_fluorescent,white_inspection_mat,train
TOM_B_028,images/train/TOM_B_028.jpg,Tomato,B,69.7,76.6,64.3,73.8,65.4,69.0,indoor_fluorescent,burlap_fabric,train
TOM_B_029,images/train/TOM_B_029.jpg,Tomato,B,73.1,63.8,78.5,69.8,83.1,71.4,direct_sunlight,burlap_fabric,train
TOM_B_030,images/train/TOM_B_030.jpg,Tomato,B,70.2,65.9,75.8,67.2,66.3,73.0,indoor_fluorescent,burlap_fabric,train
TOM_B_031,images/train/TOM_B_031.jpg,Tomato,B,69.6,72.6,70.7,67.3,71.4,63.0,greenhouse_filtered,neutral_gray_tray,train
TOM_B_032,images/train/TOM_B_032.jpg,Tomato,B,75.5,77.4,76.2,78.1,73.1,70.4,shade_overcast,neutral_gray_tray,train
TOM_B_033,images/train/TOM_B_033.jpg,Tomato,B,71.6,71.5,65.0,73.2,84.8,70.1,direct_sunlight,neutral_gray_tray,train
TOM_B_034,images/train/TOM_B_034.jpg,Tomato,B,71.8,73.2,66.9,69.6,76.0,77.3,diffuse_daylight,neutral_gray_tray,train
TOM_B_035,images/train/TOM_B_035.jpg,Tomato,B,74.9,76.1,77.6,71.8,78.9,66.3,direct_sunlight,neutral_gray_tray,train
TOM_B_036,images/train/TOM_B_036.jpg,Tomato,B,73.3,75.4,65.7,77.4,81.8,72.6,indoor_fluorescent,burlap_fabric,train
TOM_B_037,images/train/TOM_B_037.jpg,Tomato,B,71.7,78.2,70.4,76.5,70.2,60.1,direct_sunlight,wooden_grading_bench,train
TOM_B_038,images/train/TOM_B_038.jpg,Tomato,B,71.0,70.0,72.4,68.9,76.1,66.6,indoor_fluorescent,neutral_gray_tray,train
TOM_B_039,images/train/TOM_B_039.jpg,Tomato,B,70.2,73.7,63.0,75.8,68.9,74.6,direct_sunlight,neutral_gray_tray,train
TOM_B_040,images/train/TOM_B_040.jpg,Tomato,B,71.8,77.4,63.3,73.6,83.4,66.2,diffuse_daylight,burlap_fabric,train
TOM_B_041,images/train/TOM_B_041.jpg,Tomato,B,73.2,77.8,68.6,71.9,84.9,64.1,diffuse_daylight,burlap_fabric,train
TOM_B_042,images/train/TOM_B_042.jpg,Tomato,B,67.5,67.8,70.0,67.9,69.0,60.1,greenhouse_filtered,white_inspection_mat,train
TOM_B_043,images/train/TOM_B_043.jpg,Tomato,B,69.2,65.1,66.9,68.3,79.1,71.5,direct_sunlight,burlap_fabric,train
TOM_B_044,images/train/TOM_B_044.jpg,Tomato,B,70.0,76.1,64.1,65.1,72.8,73.8,diffuse_daylight,burlap_fabric,train
TOM_B_045,images/train/TOM_B_045.jpg,Tomato,B,70.1,71.9,68.7,78.6,67.4,64.4,greenhouse_filtered,neutral_gray_tray,train
TOM_B_046,images/train/TOM_B_046.jpg,Tomato,B,71.8,64.3,77.3,76.1,72.1,68.7,direct_sunlight,neutral_gray_tray,train
TOM_B_047,images/train/TOM_B_047.jpg,Tomato,B,71.7,71.4,72.4,73.9,74.4,65.8,direct_sunlight,burlap_fabric,train
TOM_B_048,images/train/TOM_B_048.jpg,Tomato,B,74.2,74.5,76.2,76.3,80.3,61.4,shade_overcast,wooden_grading_bench,train
TOM_B_049,images/train/TOM_B_049.jpg,Tomato,B,74.4,69.0,72.8,78.0,82.8,74.9,direct_sunlight,wooden_grading_bench,train
TOM_B_050,images/train/TOM_B_050.jpg,Tomato,B,67.0,66.2,66.4,65.4,72.6,65.4,direct_sunlight,wooden_grading_bench,train
TOM_B_051,images/train/TOM_B_051.jpg,Tomato,B,69.5,73.9,64.6,64.8,74.1,72.1,direct_sunlight,neutral_gray_tray,train
TOM_B_052,images/train/TOM_B_052.jpg,Tomato,B,67.0,63.9,69.0,67.6,68.1,66.6,indoor_fluorescent,burlap_fabric,train
TOM_B_053,images/train/TOM_B_053.jpg,Tomato,B,68.6,65.6,71.1,64.2,78.0,63.7,diffuse_daylight,neutral_gray_tray,train
TOM_B_054,images/train/TOM_B_054.jpg,Tomato,B,74.6,78.4,71.5,77.6,73.1,72.8,greenhouse_filtered,neutral_gray_tray,train
TOM_B_055,images/train/TOM_B_055.jpg,Tomato,B,66.1,65.9,66.1,65.3,70.8,62.7,diffuse_daylight,burlap_fabric,train
TOM_B_056,images/train/TOM_B_056.jpg,Tomato,B,69.7,74.6,64.6,78.4,69.0,63.4,direct_sunlight,neutral_gray_tray,train
TOM_B_057,images/train/TOM_B_057.jpg,Tomato,B,72.0,78.8,74.9,75.5,62.3,61.2,direct_sunlight,white_inspection_mat,train
TOM_B_058,images/train/TOM_B_058.jpg,Tomato,B,68.6,64.8,67.0,66.8,72.1,76.5,direct_sunlight,neutral_gray_tray,train
TOM_B_059,images/train/TOM_B_059.jpg,Tomato,B,68.9,62.7,64.9,74.9,84.4,66.0,diffuse_daylight,neutral_gray_tray,train
TOM_B_060,images/train/TOM_B_060.jpg,Tomato,B,67.2,62.8,64.5,67.7,74.6,71.8,direct_sunlight,burlap_fabric,train
TOM_B_061,images/train/TOM_B_061.jpg,Tomato,B,70.5,70.9,73.8,68.4,65.1,71.0,greenhouse_filtered,neutral_gray_tray,train
TOM_B_062,images/train/TOM_B_062.jpg,Tomato,B,68.8,69.0,67.7,73.4,64.7,70.1,indoor_fluorescent,wooden_grading_bench,train
TOM_B_063,images/train/TOM_B_063.jpg,Tomato,B,73.2,71.6,73.5,70.9,80.7,70.0,direct_sunlight,neutral_gray_tray,train
TOM_B_064,images/train/TOM_B_064.jpg,Tomato,B,76.1,75.3,75.2,70.8,83.9,76.4,greenhouse_filtered,white_inspection_mat,train
TOM_B_065,images/train/TOM_B_065.jpg,Tomato,B,71.4,74.9,72.9,77.3,64.4,63.8,diffuse_daylight,neutral_gray_tray,train
TOM_B_066,images/train/TOM_B_066.jpg,Tomato,B,66.5,63.5,68.7,64.8,62.7,72.7,indoor_fluorescent,white_inspection_mat,train
TOM_B_067,images/train/TOM_B_067.jpg,Tomato,B,71.1,68.0,69.8,75.8,82.3,63.1,direct_sunlight,wooden_grading_bench,train
TOM_B_068,images/train/TOM_B_068.jpg,Tomato,B,70.6,71.8,70.3,72.2,67.4,70.7,direct_sunlight,white_inspection_mat,train
TOM_B_069,images/train/TOM_B_069.jpg,Tomato,B,72.6,78.7,67.9,72.6,83.0,61.6,shade_overcast,white_inspection_mat,train
TOM_B_070,images/train/TOM_B_070.jpg,Tomato,B,70.5,76.8,64.1,72.3,81.4,60.2,shade_overcast,burlap_fabric,train
TOM_B_071,images/train/TOM_B_071.jpg,Tomato,B,72.7,64.4,74.4,72.5,78.2,77.7,indoor_fluorescent,wooden_grading_bench,train
TOM_B_072,images/train/TOM_B_072.jpg,Tomato,B,68.2,62.5,70.2,72.7,75.2,62.3,indoor_fluorescent,neutral_gray_tray,train
TOM_B_073,images/train/TOM_B_073.jpg,Tomato,B,73.1,68.5,73.2,72.9,80.9,73.1,shade_overcast,wooden_grading_bench,train
TOM_B_074,images/train/TOM_B_074.jpg,Tomato,B,75.3,78.3,69.3,78.4,77.7,76.5,indoor_fluorescent,wooden_grading_bench,train
TOM_B_075,images/train/TOM_B_075.jpg,Tomato,B,69.8,64.1,78.3,64.9,75.7,61.6,greenhouse_filtered,burlap_fabric,train
TOM_B_076,images/train/TOM_B_076.jpg,Tomato,B,73.4,72.9,77.5,66.7,73.3,72.9,greenhouse_filtered,white_inspection_mat,train
TOM_B_077,images/train/TOM_B_077.jpg,Tomato,B,72.9,77.9,68.1,64.0,83.9,72.3,shade_overcast,burlap_fabric,train
TOM_B_078,images/train/TOM_B_078.jpg,Tomato,B,71.9,67.2,71.1,74.8,75.6,75.0,shade_overcast,white_inspection_mat,train
TOM_B_079,images/train/TOM_B_079.jpg,Tomato,B,71.6,63.1,75.9,77.6,80.9,62.1,indoor_fluorescent,burlap_fabric,train
TOM_B_080,images/train/TOM_B_080.jpg,Tomato,B,69.9,63.5,73.1,75.7,62.4,76.0,direct_sunlight,burlap_fabric,train
TOM_B_081,images/train/TOM_B_081.jpg,Tomato,B,68.8,65.5,62.9,76.9,84.7,62.0,indoor_fluorescent,neutral_gray_tray,train
TOM_B_082,images/train/TOM_B_082.jpg,Tomato,B,69.7,75.2,67.5,72.9,69.5,61.8,direct_sunlight,wooden_grading_bench,train
TOM_B_083,images/train/TOM_B_083.jpg,Tomato,B,72.4,76.5,63.5,75.8,76.7,75.4,shade_overcast,neutral_gray_tray,train
TOM_B_084,images/train/TOM_B_084.jpg,Tomato,B,66.8,65.7,68.1,71.4,63.9,64.3,shade_overcast,neutral_gray_tray,train
TOM_B_085,images/val/TOM_B_085.jpg,Tomato,B,73.9,78.1,73.5,75.8,63.9,76.0,shade_overcast,neutral_gray_tray,val
TOM_B_086,images/val/TOM_B_086.jpg,Tomato,B,70.9,73.5,71.1,69.2,73.2,65.3,greenhouse_filtered,wooden_grading_bench,val
TOM_B_087,images/val/TOM_B_087.jpg,Tomato,B,73.3,75.4,70.3,76.5,74.0,72.0,shade_overcast,burlap_fabric,val
TOM_B_088,images/val/TOM_B_088.jpg,Tomato,B,68.0,67.8,68.3,67.9,66.2,69.7,direct_sunlight,wooden_grading_bench,val
TOM_B_089,images/val/TOM_B_089.jpg,Tomato,B,66.8,69.6,63.6,66.1,74.7,61.0,indoor_fluorescent,wooden_grading_bench,val
TOM_B_090,images/val/TOM_B_090.jpg,Tomato,B,73.8,77.3,74.4,75.1,71.6,67.5,greenhouse_filtered,white_inspection_mat,val
TOM_B_091,images/val/TOM_B_091.jpg,Tomato,B,68.2,73.3,66.9,66.3,68.9,63.2,indoor_fluorescent,white_inspection_mat,val
TOM_B_092,images/val/TOM_B_092.jpg,Tomato,B,71.3,72.7,75.0,64.7,68.7,70.8,greenhouse_filtered,wooden_grading_bench,val
TOM_B_093,images/val/TOM_B_093.jpg,Tomato,B,71.5,67.9,73.7,70.3,83.1,62.5,diffuse_daylight,wooden_grading_bench,val
TOM_B_094,images/val/TOM_B_094.jpg,Tomato,B,68.8,63.6,64.1,71.0,82.9,70.8,shade_overcast,burlap_fabric,val
TOM_B_095,images/val/TOM_B_095.jpg,Tomato,B,68.7,65.6,65.9,70.6,84.0,62.0,diffuse_daylight,neutral_gray_tray,val
TOM_B_096,images/val/TOM_B_096.jpg,Tomato,B,72.7,68.7,73.8,74.1,71.1,77.6,direct_sunlight,burlap_fabric,val
TOM_B_097,images/val/TOM_B_097.jpg,Tomato,B,67.9,68.5,73.5,65.5,63.2,62.7,diffuse_daylight,burlap_fabric,val
TOM_B_098,images/val/TOM_B_098.jpg,Tomato,B,70.4,70.3,71.4,70.5,69.2,69.7,direct_sunlight,neutral_gray_tray,val
TOM_B_099,images/val/TOM_B_099.jpg,Tomato,B,67.1,63.1,67.2,73.9,67.7,66.1,greenhouse_filtered,neutral_gray_tray,val
TOM_B_100,images/val/TOM_B_100.jpg,Tomato,B,71.4,76.3,71.1,69.5,72.0,65.2,direct_sunlight,neutral_gray_tray,val
TOM_B_101,images/val/TOM_B_101.jpg,Tomato,B,73.9,74.0,76.7,73.4,72.4,70.4,indoor_fluorescent,white_inspection_mat,val
TOM_B_102,images/val/TOM_B_102.jpg,Tomato,B,71.2,66.2,76.1,67.8,75.8,68.4,greenhouse_filtered,burlap_fabric,val
TOM_B_103,images/test/TOM_B_103.jpg,Tomato,B,72.3,71.9,75.2,67.5,75.1,69.5,greenhouse_filtered,burlap_fabric,test
TOM_B_104,images/test/TOM_B_104.jpg,Tomato,B,74.2,74.2,76.0,74.2,84.2,60.4,shade_overcast,neutral_gray_tray,test
TOM_B_105,images/test/TOM_B_105.jpg,Tomato,B,69.7,77.8,67.7,68.1,63.8,67.6,shade_overcast,wooden_grading_bench,test
TOM_B_106,images/test/TOM_B_106.jpg,Tomato,B,72.6,74.5,66.4,76.7,77.8,72.4,indoor_fluorescent,white_inspection_mat,test
TOM_B_107,images/test/TOM_B_107.jpg,Tomato,B,74.8,65.5,78.1,75.6,83.4,74.6,diffuse_daylight,wooden_grading_bench,test
TOM_B_108,images/test/TOM_B_108.jpg,Tomato,B,70.0,72.2,63.2,78.6,71.1,70.0,indoor_fluorescent,white_inspection_mat,test
TOM_B_109,images/test/TOM_B_109.jpg,Tomato,B,71.1,74.7,77.7,65.8,63.0,65.1,greenhouse_filtered,burlap_fabric,test
TOM_B_110,images/test/TOM_B_110.jpg,Tomato,B,71.1,74.2,64.5,70.6,84.7,66.3,direct_sunlight,white_inspection_mat,test
TOM_B_111,images/test/TOM_B_111.jpg,Tomato,B,72.8,69.7,78.2,76.6,65.5,70.7,diffuse_daylight,white_inspection_mat,test
TOM_B_112,images/test/TOM_B_112.jpg,Tomato,B,71.6,67.1,75.6,69.8,71.3,73.2,direct_sunlight,white_inspection_mat,test
TOM_B_113,images/test/TOM_B_113.jpg,Tomato,B,71.6,64.2,77.3,68.4,72.1,75.1,shade_overcast,white_inspection_mat,test
TOM_B_114,images/test/TOM_B_114.jpg,Tomato,B,73.2,78.7,66.4,69.1,83.1,72.1,greenhouse_filtered,white_inspection_mat,test
TOM_B_115,images/test/TOM_B_115.jpg,Tomato,B,73.7,77.3,74.6,65.3,79.7,68.0,direct_sunlight,neutral_gray_tray,test
TOM_B_116,images/test/TOM_B_116.jpg,Tomato,B,71.0,73.0,69.6,68.0,76.9,67.9,direct_sunlight,burlap_fabric,test
TOM_B_117,images/test/TOM_B_117.jpg,Tomato,B,69.3,78.9,67.2,65.9,66.6,63.8,shade_overcast,white_inspection_mat,test
TOM_B_118,images/test/TOM_B_118.jpg,Tomato,B,74.2,62.9,78.1,77.4,81.6,74.4,greenhouse_filtered,burlap_fabric,test
TOM_B_119,images/test/TOM_B_119.jpg,Tomato,B,68.7,67.8,70.6,70.6,71.6,61.5,diffuse_daylight,burlap_fabric,test
TOM_B_120,images/test/TOM_B_120.jpg,Tomato,B,70.1,63.0,72.7,64.9,79.5,72.8,indoor_fluorescent,neutral_gray_tray,test
TOM_C_001,images/train/TOM_C_001.jpg,Tomato,C,41.6,39.5,42.9,47.5,55.1,22.8,diffuse_daylight,white_inspection_mat,train
TOM_C_002,images/train/TOM_C_002.jpg,Tomato,C,39.5,41.1,29.5,45.7,50.3,40.0,shade_overcast,wooden_grading_bench,train
TOM_C_003,images/train/TOM_C_003.jpg,Tomato,C,46.8,54.3,31.7,53.3,54.1,50.8,indoor_fluorescent,white_inspection_mat,train
TOM_C_004,images/train/TOM_C_004.jpg,Tomato,C,43.1,50.0,30.7,57.9,59.0,25.6,indoor_fluorescent,neutral_gray_tray,train
TOM_C_005,images/train/TOM_C_005.jpg,Tomato,C,49.3,57.6,48.2,37.0,57.8,41.4,direct_sunlight,neutral_gray_tray,train
TOM_C_006,images/train/TOM_C_006.jpg,Tomato,C,47.8,57.2,33.5,47.9,65.0,43.6,shade_overcast,wooden_grading_bench,train
TOM_C_007,images/train/TOM_C_007.jpg,Tomato,C,41.9,37.1,40.2,39.6,59.0,38.3,diffuse_daylight,wooden_grading_bench,train
TOM_C_008,images/train/TOM_C_008.jpg,Tomato,C,48.6,56.4,47.9,40.7,49.5,44.3,diffuse_daylight,burlap_fabric,train
TOM_C_009,images/train/TOM_C_009.jpg,Tomato,C,40.1,30.3,33.8,37.3,61.1,50.6,diffuse_daylight,burlap_fabric,train
TOM_C_010,images/train/TOM_C_010.jpg,Tomato,C,45.5,38.7,51.9,36.5,48.7,49.9,greenhouse_filtered,white_inspection_mat,train
TOM_C_011,images/train/TOM_C_011.jpg,Tomato,C,44.5,36.0,37.3,46.9,65.8,49.7,indoor_fluorescent,white_inspection_mat,train
TOM_C_012,images/train/TOM_C_012.jpg,Tomato,C,41.7,34.2,28.9,57.1,61.4,44.7,indoor_fluorescent,wooden_grading_bench,train
TOM_C_013,images/train/TOM_C_013.jpg,Tomato,C,38.7,42.1,33.2,40.5,41.2,39.9,greenhouse_filtered,white_inspection_mat,train
TOM_C_014,images/train/TOM_C_014.jpg,Tomato,C,41.8,33.6,54.0,40.0,52.6,22.3,shade_overcast,burlap_fabric,train
TOM_C_015,images/train/TOM_C_015.jpg,Tomato,C,40.0,35.8,35.6,46.5,41.9,47.5,direct_sunlight,neutral_gray_tray,train
TOM_C_016,images/train/TOM_C_016.jpg,Tomato,C,48.6,45.5,55.8,51.8,60.2,24.8,direct_sunlight,neutral_gray_tray,train
TOM_C_017,images/train/TOM_C_017.jpg,Tomato,C,44.4,33.9,49.5,46.6,41.9,52.3,diffuse_daylight,burlap_fabric,train
TOM_C_018,images/train/TOM_C_018.jpg,Tomato,C,38.4,39.4,26.9,44.0,46.7,46.1,shade_overcast,white_inspection_mat,train
TOM_C_019,images/train/TOM_C_019.jpg,Tomato,C,41.1,32.9,39.3,36.6,46.1,57.7,shade_overcast,wooden_grading_bench,train
TOM_C_020,images/train/TOM_C_020.jpg,Tomato,C,40.6,33.8,31.4,40.7,60.3,50.3,diffuse_daylight,neutral_gray_tray,train
TOM_C_021,images/train/TOM_C_021.jpg,Tomato,C,40.6,32.6,41.3,36.7,45.4,51.9,indoor_fluorescent,wooden_grading_bench,train
TOM_C_022,images/train/TOM_C_022.jpg,Tomato,C,41.3,42.7,33.5,49.3,44.3,43.8,direct_sunlight,burlap_fabric,train
TOM_C_023,images/train/TOM_C_023.jpg,Tomato,C,43.2,44.3,37.6,39.7,52.2,46.8,indoor_fluorescent,white_inspection_mat,train
TOM_C_024,images/train/TOM_C_024.jpg,Tomato,C,46.5,55.2,38.7,53.5,58.0,28.8,greenhouse_filtered,wooden_grading_bench,train
TOM_C_025,images/train/TOM_C_025.jpg,Tomato,C,42.2,54.3,26.0,41.2,65.3,32.6,indoor_fluorescent,burlap_fabric,train
TOM_C_026,images/train/TOM_C_026.jpg,Tomato,C,39.0,37.0,36.3,35.6,43.4,46.7,diffuse_daylight,white_inspection_mat,train
TOM_C_027,images/train/TOM_C_027.jpg,Tomato,C,49.7,50.1,46.5,57.4,61.5,35.7,direct_sunlight,neutral_gray_tray,train
TOM_C_028,images/train/TOM_C_028.jpg,Tomato,C,42.4,52.7,25.5,50.1,46.0,47.8,diffuse_daylight,wooden_grading_bench,train
TOM_C_029,images/train/TOM_C_029.jpg,Tomato,C,37.8,34.1,27.9,46.0,44.6,48.9,diffuse_daylight,burlap_fabric,train
TOM_C_030,images/train/TOM_C_030.jpg,Tomato,C,42.9,34.8,46.8,40.9,43.3,49.9,diffuse_daylight,neutral_gray_tray,train
TOM_C_031,images/train/TOM_C_031.jpg,Tomato,C,37.6,52.8,20.7,37.4,41.8,42.0,indoor_fluorescent,neutral_gray_tray,train
TOM_C_032,images/train/TOM_C_032.jpg,Tomato,C,38.8,31.0,25.1,49.5,54.3,52.8,indoor_fluorescent,white_inspection_mat,train
TOM_C_033,images/train/TOM_C_033.jpg,Tomato,C,39.1,47.9,33.1,36.9,43.5,34.0,shade_overcast,wooden_grading_bench,train
TOM_C_034,images/train/TOM_C_034.jpg,Tomato,C,49.7,54.7,49.3,54.2,54.1,33.0,direct_sunlight,white_inspection_mat,train
TOM_C_035,images/train/TOM_C_035.jpg,Tomato,C,46.4,49.7,47.0,44.7,57.3,30.8,diffuse_daylight,burlap_fabric,train
TOM_C_036,images/train/TOM_C_036.jpg,Tomato,C,40.2,36.1,31.0,42.2,48.2,55.6,greenhouse_filtered,neutral_gray_tray,train
TOM_C_037,images/train/TOM_C_037.jpg,Tomato,C,46.4,40.2,52.1,35.2,61.5,41.3,direct_sunlight,burlap_fabric,train
TOM_C_038,images/train/TOM_C_038.jpg,Tomato,C,40.6,32.3,35.4,45.3,56.7,44.2,direct_sunlight,wooden_grading_bench,train
TOM_C_039,images/train/TOM_C_039.jpg,Tomato,C,46.4,40.2,53.9,45.2,41.7,47.6,shade_overcast,neutral_gray_tray,train
TOM_C_040,images/train/TOM_C_040.jpg,Tomato,C,43.0,52.9,26.9,50.1,56.9,38.0,direct_sunlight,white_inspection_mat,train
TOM_C_041,images/train/TOM_C_041.jpg,Tomato,C,49.0,57.1,30.4,47.6,66.7,56.4,greenhouse_filtered,white_inspection_mat,train
TOM_C_042,images/train/TOM_C_042.jpg,Tomato,C,37.3,37.5,24.3,47.1,60.2,30.1,direct_sunlight,white_inspection_mat,train
TOM_C_043,images/train/TOM_C_043.jpg,Tomato,C,47.0,50.9,33.8,47.9,67.4,45.5,diffuse_daylight,neutral_gray_tray,train
TOM_C_044,images/train/TOM_C_044.jpg,Tomato,C,45.2,44.7,46.2,36.7,46.9,51.1,greenhouse_filtered,neutral_gray_tray,train
TOM_C_045,images/train/TOM_C_045.jpg,Tomato,C,40.2,37.5,39.6,54.6,48.6,22.8,indoor_fluorescent,neutral_gray_tray,train
TOM_C_046,images/train/TOM_C_046.jpg,Tomato,C,45.7,55.1,41.8,43.6,57.2,28.4,diffuse_daylight,burlap_fabric,train
TOM_C_047,images/train/TOM_C_047.jpg,Tomato,C,51.9,54.3,49.5,58.0,65.8,32.6,diffuse_daylight,wooden_grading_bench,train
TOM_C_048,images/train/TOM_C_048.jpg,Tomato,C,37.7,33.1,22.2,46.3,60.2,45.1,direct_sunlight,burlap_fabric,train
TOM_C_049,images/train/TOM_C_049.jpg,Tomato,C,47.2,46.9,50.5,54.3,58.1,23.0,shade_overcast,neutral_gray_tray,train
TOM_C_050,images/train/TOM_C_050.jpg,Tomato,C,50.9,57.0,38.6,56.2,62.6,48.2,greenhouse_filtered,neutral_gray_tray,train
TOM_C_051,images/train/TOM_C_051.jpg,Tomato,C,44.8,48.0,46.7,47.1,47.4,30.8,shade_overcast,wooden_grading_bench,train
TOM_C_052,images/train/TOM_C_052.jpg,Tomato,C,38.2,31.1,25.6,58.9,53.6,38.9,diffuse_daylight,wooden_grading_bench,train
TOM_C_053,images/train/TOM_C_053.jpg,Tomato,C,40.7,34.5,45.1,38.9,49.8,34.8,greenhouse_filtered,wooden_grading_bench,train
TOM_C_054,images/train/TOM_C_054.jpg,Tomato,C,46.9,45.2,38.8,51.8,58.2,49.5,indoor_fluorescent,wooden_grading_bench,train
TOM_C_055,images/train/TOM_C_055.jpg,Tomato,C,45.3,35.9,48.0,50.2,54.1,41.9,diffuse_daylight,neutral_gray_tray,train
TOM_C_056,images/train/TOM_C_056.jpg,Tomato,C,41.8,46.8,32.1,35.4,44.3,56.5,greenhouse_filtered,white_inspection_mat,train
TOM_C_057,images/train/TOM_C_057.jpg,Tomato,C,45.4,51.6,43.7,42.1,55.0,31.9,shade_overcast,wooden_grading_bench,train
TOM_C_058,images/train/TOM_C_058.jpg,Tomato,C,37.0,30.1,38.8,37.8,49.6,31.2,shade_overcast,white_inspection_mat,train
TOM_C_059,images/train/TOM_C_059.jpg,Tomato,C,41.6,37.0,27.1,46.2,62.7,52.5,greenhouse_filtered,wooden_grading_bench,train
TOM_C_060,images/train/TOM_C_060.jpg,Tomato,C,47.8,46.1,43.3,48.5,60.1,46.6,direct_sunlight,white_inspection_mat,train
TOM_C_061,images/train/TOM_C_061.jpg,Tomato,C,53.5,50.3,49.2,58.8,64.1,51.4,greenhouse_filtered,neutral_gray_tray,train
TOM_C_062,images/train/TOM_C_062.jpg,Tomato,C,43.8,43.7,30.1,50.3,58.7,49.8,diffuse_daylight,burlap_fabric,train
TOM_C_063,images/train/TOM_C_063.jpg,Tomato,C,37.4,35.2,21.0,38.5,64.5,45.8,direct_sunlight,burlap_fabric,train
TOM_C_064,images/train/TOM_C_064.jpg,Tomato,C,44.3,38.5,52.6,52.6,42.6,30.6,shade_overcast,white_inspection_mat,train
TOM_C_065,images/train/TOM_C_065.jpg,Tomato,C,49.0,51.7,50.9,43.7,40.4,54.5,shade_overcast,white_inspection_mat,train
TOM_C_066,images/train/TOM_C_066.jpg,Tomato,C,45.2,56.0,25.3,48.6,62.2,46.5,indoor_fluorescent,neutral_gray_tray,train
TOM_C_067,images/train/TOM_C_067.jpg,Tomato,C,43.1,42.4,31.3,48.1,50.5,55.7,indoor_fluorescent,burlap_fabric,train
TOM_C_068,images/train/TOM_C_068.jpg,Tomato,C,39.5,35.7,37.1,37.8,40.0,52.0,greenhouse_filtered,wooden_grading_bench,train
TOM_C_069,images/train/TOM_C_069.jpg,Tomato,C,44.4,39.9,45.9,43.4,59.8,34.2,shade_overcast,burlap_fabric,train
TOM_C_070,images/train/TOM_C_070.jpg,Tomato,C,49.9,34.9,52.1,58.6,62.6,49.2,direct_sunlight,wooden_grading_bench,train
TOM_C_071,images/train/TOM_C_071.jpg,Tomato,C,47.6,35.8,49.8,51.4,66.8,40.0,diffuse_daylight,wooden_grading_bench,train
TOM_C_072,images/train/TOM_C_072.jpg,Tomato,C,43.4,48.2,35.5,57.7,47.6,32.9,greenhouse_filtered,neutral_gray_tray,train
TOM_C_073,images/train/TOM_C_073.jpg,Tomato,C,34.7,33.5,26.5,58.8,40.4,23.6,direct_sunlight,neutral_gray_tray,train
TOM_C_074,images/train/TOM_C_074.jpg,Tomato,C,53.1,56.2,52.8,50.8,54.9,49.2,shade_overcast,burlap_fabric,train
TOM_C_075,images/train/TOM_C_075.jpg,Tomato,C,50.1,55.1,39.9,50.3,55.6,56.3,shade_overcast,wooden_grading_bench,train
TOM_C_076,images/train/TOM_C_076.jpg,Tomato,C,39.4,40.3,30.5,56.5,50.5,27.4,greenhouse_filtered,burlap_fabric,train
TOM_C_077,images/train/TOM_C_077.jpg,Tomato,C,48.9,33.4,51.6,48.6,67.9,50.7,shade_overcast,wooden_grading_bench,train
TOM_C_078,images/train/TOM_C_078.jpg,Tomato,C,48.1,33.3,52.3,56.7,49.9,54.3,diffuse_daylight,wooden_grading_bench,train
TOM_C_079,images/train/TOM_C_079.jpg,Tomato,C,40.6,38.3,32.3,45.5,54.2,42.3,direct_sunlight,neutral_gray_tray,train
TOM_C_080,images/train/TOM_C_080.jpg,Tomato,C,39.8,50.5,24.2,45.7,52.1,34.7,shade_overcast,burlap_fabric,train
TOM_C_081,images/train/TOM_C_081.jpg,Tomato,C,40.3,36.2,27.0,57.8,57.6,38.9,shade_overcast,neutral_gray_tray,train
TOM_C_082,images/train/TOM_C_082.jpg,Tomato,C,50.3,53.5,51.1,50.9,49.7,43.6,shade_overcast,white_inspection_mat,train
TOM_C_083,images/train/TOM_C_083.jpg,Tomato,C,45.1,45.5,43.6,54.3,42.5,40.7,indoor_fluorescent,neutral_gray_tray,train
TOM_C_084,images/train/TOM_C_084.jpg,Tomato,C,43.3,43.9,34.2,46.6,65.4,35.4,indoor_fluorescent,white_inspection_mat,train
TOM_C_085,images/val/TOM_C_085.jpg,Tomato,C,41.3,31.0,44.8,36.4,53.8,43.6,indoor_fluorescent,burlap_fabric,val
TOM_C_086,images/val/TOM_C_086.jpg,Tomato,C,43.2,47.5,38.9,39.7,64.4,27.0,diffuse_daylight,burlap_fabric,val
TOM_C_087,images/val/TOM_C_087.jpg,Tomato,C,41.0,35.7,41.3,43.8,61.5,25.7,direct_sunlight,neutral_gray_tray,val
TOM_C_088,images/val/TOM_C_088.jpg,Tomato,C,40.3,53.5,31.4,40.8,51.0,24.8,direct_sunlight,neutral_gray_tray,val
TOM_C_089,images/val/TOM_C_089.jpg,Tomato,C,48.8,48.1,43.1,56.9,65.6,36.3,direct_sunlight,neutral_gray_tray,val
TOM_C_090,images/val/TOM_C_090.jpg,Tomato,C,41.0,39.8,32.3,39.2,60.9,42.5,greenhouse_filtered,wooden_grading_bench,val
TOM_C_091,images/val/TOM_C_091.jpg,Tomato,C,44.2,41.6,50.1,42.5,50.6,31.8,greenhouse_filtered,wooden_grading_bench,val
TOM_C_092,images/val/TOM_C_092.jpg,Tomato,C,48.5,45.8,43.7,47.4,57.7,54.4,diffuse_daylight,white_inspection_mat,val
TOM_C_093,images/val/TOM_C_093.jpg,Tomato,C,43.8,51.1,24.7,56.3,67.0,34.0,greenhouse_filtered,burlap_fabric,val
TOM_C_094,images/val/TOM_C_094.jpg,Tomato,C,37.3,35.9,37.0,35.1,44.5,35.5,direct_sunlight,neutral_gray_tray,val
TOM_C_095,images/val/TOM_C_095.jpg,Tomato,C,44.3,39.7,46.4,39.3,51.2,45.6,greenhouse_filtered,white_inspection_mat,val
TOM_C_096,images/val/TOM_C_096.jpg,Tomato,C,37.8,51.5,20.8,36.2,56.8,31.6,shade_overcast,burlap_fabric,val
TOM_C_097,images/val/TOM_C_097.jpg,Tomato,C,41.1,37.7,44.8,51.7,41.4,28.7,diffuse_daylight,burlap_fabric,val
TOM_C_098,images/val/TOM_C_098.jpg,Tomato,C,38.5,30.4,32.3,49.1,57.8,34.5,diffuse_daylight,wooden_grading_bench,val
TOM_C_099,images/val/TOM_C_099.jpg,Tomato,C,42.6,41.4,47.0,39.3,44.5,37.1,shade_overcast,wooden_grading_bench,val
TOM_C_100,images/val/TOM_C_100.jpg,Tomato,C,50.0,56.2,53.2,55.4,44.5,33.6,diffuse_daylight,white_inspection_mat,val
TOM_C_101,images/val/TOM_C_101.jpg,Tomato,C,37.5,51.1,24.0,45.3,43.5,28.1,greenhouse_filtered,neutral_gray_tray,val
TOM_C_102,images/val/TOM_C_102.jpg,Tomato,C,39.5,34.8,32.4,52.3,60.9,27.6,direct_sunlight,white_inspection_mat,val
TOM_C_103,images/test/TOM_C_103.jpg,Tomato,C,43.7,51.9,31.5,40.5,56.4,44.8,direct_sunlight,neutral_gray_tray,test
TOM_C_104,images/test/TOM_C_104.jpg,Tomato,C,39.4,51.2,26.6,43.2,59.0,22.2,greenhouse_filtered,wooden_grading_bench,test
TOM_C_105,images/test/TOM_C_105.jpg,Tomato,C,41.8,37.7,49.5,36.3,51.4,29.3,shade_overcast,white_inspection_mat,test
TOM_C_106,images/test/TOM_C_106.jpg,Tomato,C,51.1,54.4,45.2,48.4,62.9,48.6,indoor_fluorescent,wooden_grading_bench,test
TOM_C_107,images/test/TOM_C_107.jpg,Tomato,C,41.6,53.0,35.6,36.8,58.1,22.8,greenhouse_filtered,burlap_fabric,test
TOM_C_108,images/test/TOM_C_108.jpg,Tomato,C,46.0,30.7,51.2,35.7,64.6,52.8,greenhouse_filtered,wooden_grading_bench,test
TOM_C_109,images/test/TOM_C_109.jpg,Tomato,C,49.5,56.5,50.1,35.2,62.5,37.6,diffuse_daylight,wooden_grading_bench,test
TOM_C_110,images/test/TOM_C_110.jpg,Tomato,C,40.6,31.3,33.6,43.0,64.9,43.5,shade_overcast,white_inspection_mat,test
TOM_C_111,images/test/TOM_C_111.jpg,Tomato,C,45.0,37.0,46.3,52.8,60.1,32.8,direct_sunlight,wooden_grading_bench,test
TOM_C_112,images/test/TOM_C_112.jpg,Tomato,C,48.2,57.1,55.0,38.0,49.7,28.6,indoor_fluorescent,neutral_gray_tray,test
TOM_C_113,images/test/TOM_C_113.jpg,Tomato,C,42.7,37.0,40.0,56.4,53.1,33.2,direct_sunlight,burlap_fabric,test
TOM_C_114,images/test/TOM_C_114.jpg,Tomato,C,42.9,44.6,38.9,39.9,44.0,49.8,direct_sunlight,neutral_gray_tray,test
TOM_C_115,images/test/TOM_C_115.jpg,Tomato,C,43.7,43.7,41.8,40.3,52.1,42.4,greenhouse_filtered,white_inspection_mat,test
TOM_C_116,images/test/TOM_C_116.jpg,Tomato,C,44.1,34.5,40.1,53.8,49.1,53.1,greenhouse_filtered,burlap_fabric,test
TOM_C_117,images/test/TOM_C_117.jpg,Tomato,C,43.1,36.9,25.6,49.7,67.2,57.7,shade_overcast,white_inspection_mat,test
TOM_C_118,images/test/TOM_C_118.jpg,Tomato,C,51.0,57.5,48.9,50.1,64.9,31.5,indoor_fluorescent,burlap_fabric,test
TOM_C_119,images/test/TOM_C_119.jpg,Tomato,C,44.2,38.7,45.1,45.3,61.4,33.0,diffuse_daylight,white_inspection_mat,test
TOM_C_120,images/test/TOM_C_120.jpg,Tomato,C,38.7,35.0,35.5,44.2,53.3,31.1,diffuse_daylight,white_inspection_mat,test
EDGE_LIGHT_01,images/edge_cases/edge_poor_lighting_01.jpg,Tomato,EDGE_CASE,0.0,0.0,0.0,0.0,0.0,0.0,extreme_darkness,neutral_gray_tray,edge_cases
EDGE_LIGHT_02,images/edge_cases/edge_poor_lighting_02.jpg,Tomato,EDGE_CASE,0.0,0.0,0.0,0.0,0.0,0.0,extreme_darkness,neutral_gray_tray,edge_cases
EDGE_LIGHT_03,images/edge_cases/edge_poor_lighting_03.jpg,Tomato,EDGE_CASE,0.0,0.0,0.0,0.0,0.0,0.0,extreme_darkness,neutral_gray_tray,edge_cases
EDGE_MULTI_01,images/edge_cases/edge_multiple_objects_01.jpg,Tomato,EDGE_CASE,0.0,0.0,0.0,0.0,0.0,0.0,diffuse_daylight,wooden_grading_bench,edge_cases
EDGE_MULTI_02,images/edge_cases/edge_multiple_objects_02.jpg,Tomato,EDGE_CASE,0.0,0.0,0.0,0.0,0.0,0.0,diffuse_daylight,wooden_grading_bench,edge_cases
EDGE_MULTI_03,images/edge_cases/edge_multiple_objects_03.jpg,Tomato,EDGE_CASE,0.0,0.0,0.0,0.0,0.0,0.0,diffuse_daylight,wooden_grading_bench,edge_cases
EDGE_BLUR_01,images/edge_cases/edge_blurry_01.jpg,Tomato,EDGE_CASE,0.0,0.0,0.0,0.0,0.0,0.0,diffuse_daylight,white_inspection_mat,edge_cases
EDGE_BLUR_02,images/edge_cases/edge_blurry_02.jpg,Tomato,EDGE_CASE,0.0,0.0,0.0,0.0,0.0,0.0,diffuse_daylight,white_inspection_mat,edge_cases
EDGE_BLUR_03,images/edge_cases/edge_blurry_03.jpg,Tomato,EDGE_CASE,0.0,0.0,0.0,0.0,0.0,0.0,diffuse_daylight,white_inspection_mat,edge_cases
